"sexmale","variant_proteinp.Arg1617Gln","variant_proteinp.Arg1872Leu","variant_proteinp.Arg1872Trp","variant_proteinp.Arg850*","variant_proteinp.Arg850Gln","variant_proteinp.Asn1877Ser","variant_proteinp.Glu587*","variant_proteinp.Gly1475Arg","variant_protein_other","sz_tonic-clonic","sz_tonic","sz_focal","sz_spasms","sz_myoclonic","sz_clonic","sz_absence","diag_cardio","diag_muscoloskeletal","diag_gastro","hosp_sz","hosp_pneumonia","hosp_status","eeg_background","eeg_normal","eeg_epileptiform","eeg_paroxysmal_abnormalities","dev_Ability to babble","dev_Ability to belly crawl","dev_Ability to communicate","dev_Ability to control head posture","dev_Ability to count up to 10","dev_Ability to crawl","dev_Ability to cruise","dev_Ability to follow commands","dev_Ability to grasp","dev_Ability to identify colors","dev_Ability to initiate words","dev_Ability to jump","dev_Ability to kick","dev_Ability to kneel","dev_Ability to perform hand functions","dev_Ability to pull to stand","dev_Ability to reach","dev_Ability to read","dev_Ability to recognize letters of the alphabet","dev_Ability to recognize numbers","dev_Ability to recognize spoken word","dev_Ability to recognize symbols","dev_Ability to recognize written words","dev_Ability to roll","dev_Ability to roll (back-to-front)","dev_Ability to roll (front-to-back)","dev_Ability to run","dev_Ability to scoot","dev_Ability to sit unsupported","dev_Ability to speak","dev_Ability to speak fluently","dev_Ability to speak intelligibly","dev_Ability to speak own name","dev_Ability to squat","dev_Ability to stand","dev_Ability to stand alone","dev_Ability to stand from sitting","dev_Ability to stand on one leg","dev_Ability to throw","dev_Ability to transfer objects","dev_Ability to transfer weight","dev_Ability to understand and use numbers","dev_Ability to use at least one word","dev_Ability to use augmentative and alternative communication","dev_Ability to use language","dev_Ability to use non-verbal communication","dev_Ability to use palmar grasp","dev_Ability to use pincer grasp","dev_Ability to use raking grasp","dev_Ability to use sentences","dev_Ability to use short phrase","dev_Ability to use sign language","dev_Ability to use tripod grasp","dev_Ability to use verbal communication","dev_Ability to use word approximations","dev_Ability to vocalize","dev_Ability to walk","dev_Ability to walk with assistance","dev_Ability to walk with maximal assistance","dev_Ability to weight-bear","dev_Ability to write","dev_Ablity to identify colors","age_onset_m","patient_uuid","cluster"
0,0,0,0,0,0,0,0,1,0,0,0,0,0,0,0,0,0,1,1,0,0,0,1,1,1,1,1,1,0,0,1,0,1,1,1,1,0,1,0,0,1,1,1,0,0,1,1,1,0,0,1,0,1,0,1,0,1,0,0,0,0,0,0,0,0,0,0,0,1,0,0,0,0,0,0,0,1,0,0,1,0,1,0,0,0,0,1,0,4,"d085ce5d-3a27-4261-b3a9-03fdc84f9430",1
0,0,0,0,0,0,0,0,0,1,0,0,0,0,0,0,0,1,1,1,0,0,0,1,1,1,0,0,0,0,1,0,0,0,1,0,0,0,0,0,0,0,0,0,0,0,0,1,0,0,0,0,0,1,0,1,0,0,0,0,0,0,0,0,0,0,0,1,0,1,0,0,0,0,0,0,1,0,0,0,1,0,0,1,0,0,0,1,0,95.8,"54d7c124-efac-4738-bbcc-f8139fe0d808",2
1,0,0,0,0,0,0,0,0,1,0,0,0,0,0,0,0,0,0,0,0,0,0,0,0,0,0,0,0,0,0,0,0,0,0,0,0,0,0,0,0,0,0,0,0,0,0,0,0,0,0,0,0,0,0,0,0,0,0,0,0,0,0,0,0,0,0,0,0,0,0,0,0,0,0,0,0,0,0,0,0,0,0,0,0,0,0,0,0,211.9,"bd3d0985-311e-4a42-a40b-ff295cd0b64e",2
0,0,0,0,0,0,0,0,0,0,0,0,1,0,0,0,0,0,0,0,0,0,0,0,1,0,0,0,0,0,0,0,0,0,1,0,0,0,0,0,0,1,0,1,0,0,0,0,0,0,0,0,0,0,0,0,0,1,1,0,0,0,0,0,0,0,0,0,0,1,0,0,0,0,0,0,0,0,0,0,0,0,0,1,0,0,0,1,0,7,"1e5d723d-eba3-4b9a-b732-b6a2dae83ced",2
1,0,0,0,0,1,0,0,0,0,0,0,1,1,1,0,1,1,1,1,1,0,1,1,1,1,1,0,0,0,0,0,0,0,0,0,0,0,0,0,0,0,0,0,0,0,0,0,0,0,0,0,0,0,0,0,0,0,0,0,0,0,0,0,0,0,0,0,0,0,0,0,1,0,0,0,0,0,0,0,0,0,1,0,0,0,0,0,0,0.2,"51f1227c-8312-4c5c-bb8a-fd240a7fb5ab",2
1,0,0,0,0,0,0,0,0,1,0,1,1,1,0,0,0,1,1,1,0,0,1,1,1,1,0,0,0,0,0,0,1,0,1,0,0,0,0,0,0,0,0,1,0,0,0,1,0,0,0,1,0,1,0,1,0,0,0,0,0,1,0,1,0,0,0,0,0,0,0,0,0,1,0,0,0,0,1,0,0,0,0,1,1,1,0,0,0,5,"ef4aa67a-8421-4e40-92eb-44c60305fde6",2
1,0,0,0,0,0,0,0,0,1,0,0,0,0,0,0,0,0,1,0,0,0,0,0,0,0,0,0,0,0,0,0,0,0,0,0,0,0,0,0,0,0,0,0,0,0,0,0,0,0,0,0,0,0,0,0,0,0,0,0,0,0,0,0,0,0,0,0,0,0,0,0,0,0,0,0,0,1,0,0,0,0,0,1,0,0,0,0,0,120,"9f18be70-eaa0-46a3-9aaa-ee705216cb41",2
0,0,1,0,0,0,0,0,0,0,0,1,0,0,0,1,0,0,1,1,1,1,1,1,1,1,0,0,0,0,0,0,0,0,0,0,0,0,0,0,0,0,0,1,0,0,0,0,0,0,1,0,0,0,0,0,0,0,0,0,0,0,0,0,0,0,0,0,0,0,0,0,0,0,0,0,0,0,0,0,0,0,1,0,0,0,0,0,0,0,"47815af9-7429-4c05-a21c-ad373b1103c7",2
1,0,0,0,0,0,0,0,0,1,1,1,1,0,0,0,0,0,1,1,1,0,1,1,0,0,0,1,1,0,0,0,0,1,1,0,0,0,0,0,0,0,1,0,0,0,0,0,0,0,1,0,0,0,0,0,0,0,0,0,0,0,0,0,0,0,0,0,0,0,0,0,0,0,0,0,0,0,0,0,0,0,1,0,0,0,0,0,0,8,"0ca73c00-6d87-4dda-962a-770faa0782d2",2
1,0,0,0,0,0,0,0,0,1,0,0,0,0,0,0,0,0,0,0,0,0,0,0,0,1,0,0,0,0,0,0,1,0,0,0,0,0,0,0,0,0,0,0,0,0,1,0,0,0,0,0,0,0,0,0,1,0,0,0,0,0,0,0,0,0,0,0,0,0,0,0,0,0,0,0,0,0,0,0,0,0,0,1,0,0,0,0,0,3.1,"b633f077-df16-4c7c-ab40-aa83fa7608d6",2
1,0,0,0,0,0,0,0,0,1,1,1,1,0,1,0,1,0,1,1,1,0,0,0,0,1,0,0,0,0,0,0,0,0,0,0,0,0,0,0,0,0,0,0,0,0,0,0,0,0,0,0,0,0,0,0,0,0,0,0,0,0,0,0,0,0,0,0,0,0,0,0,0,0,0,0,0,0,0,0,0,0,0,1,0,0,0,0,0,10,"ce45fc4e-0416-4001-895c-6275a532d2e6",2
1,0,0,0,0,0,0,0,0,1,0,0,0,0,0,0,0,1,1,1,0,1,0,1,0,1,0,1,0,0,1,0,1,1,1,0,0,0,0,0,0,0,1,1,0,0,0,0,0,0,0,0,0,1,0,1,0,0,0,0,0,0,0,0,0,0,0,0,0,0,0,0,0,0,1,0,0,0,1,0,0,0,1,1,1,0,0,0,0,81.3666666666667,"1e66ce47-b9fe-460f-9346-796a9e2bf5f3",2
1,0,0,0,0,0,0,0,0,1,1,0,1,1,0,0,1,0,1,1,1,1,0,1,1,1,0,1,0,0,0,0,0,0,0,1,0,0,0,0,0,0,0,1,0,0,0,1,0,0,1,0,1,0,0,0,0,0,0,0,0,0,0,0,0,0,0,0,0,1,0,0,1,0,0,0,0,0,1,0,0,0,1,0,0,0,0,0,0,6.5,"42e08160-64fd-4f1f-9d7a-f771650073d7",2
1,0,0,0,0,0,0,0,0,1,1,0,0,0,1,0,0,1,1,1,1,0,0,1,1,1,0,1,0,0,0,0,0,0,0,0,0,0,0,0,0,0,0,0,0,0,0,0,0,0,1,0,0,0,0,0,0,0,0,0,0,0,0,0,0,0,0,0,0,1,0,0,1,0,0,0,0,0,0,0,0,0,0,0,0,0,0,0,0,5,"422f6362-43ef-4e55-95f5-a4fb6ee50ff4",2
0,0,0,0,0,0,0,0,0,1,0,0,0,1,0,0,0,1,1,1,1,0,0,1,1,1,0,0,0,0,0,0,0,0,0,0,0,0,0,0,0,0,0,0,0,0,0,0,0,0,0,0,0,0,0,0,0,0,0,0,0,0,0,0,0,0,0,0,0,0,0,0,0,0,0,0,0,0,0,0,0,0,0,0,0,0,0,0,0,2.8,"d3b527d5-0662-42a1-9e0c-67d4cc908595",2
1,0,0,0,0,0,0,0,1,0,0,0,1,0,0,0,0,0,1,1,1,0,0,1,1,1,0,0,0,0,0,1,1,1,0,0,1,0,0,0,0,1,0,1,1,1,0,0,0,1,0,0,0,1,0,1,0,1,0,0,1,0,0,0,0,0,0,0,0,1,0,0,0,0,0,0,0,1,0,0,0,0,0,1,0,0,0,1,0,9,"e02e1f36-7df8-4cbf-9e12-872a38b8a8bf",1
0,0,0,0,0,0,0,0,0,1,1,0,1,0,0,0,0,0,1,1,1,0,1,1,1,1,0,1,0,0,0,1,0,0,1,1,1,0,0,0,0,0,0,1,1,0,0,0,0,0,0,0,0,0,0,0,0,1,0,0,0,0,0,0,0,1,0,0,0,1,0,0,0,0,1,0,1,1,0,0,1,0,1,1,0,0,0,1,0,2,"fb4dc826-0823-4535-8283-04a6bb4968d2",1
0,0,0,0,0,0,0,0,0,1,0,0,0,0,0,0,0,0,1,1,0,0,0,0,0,1,0,1,0,0,0,0,0,1,0,0,0,0,0,0,0,0,1,0,0,0,0,0,0,0,0,1,0,0,0,1,0,0,0,0,0,1,0,0,0,0,0,0,0,0,0,0,0,0,0,0,0,0,0,0,0,0,1,0,1,0,0,0,0,96.1666666666667,"b9a324cc-affd-4302-8949-12988004bfb7",2
1,1,0,0,0,0,0,0,0,0,1,0,1,0,0,0,0,1,1,0,1,0,1,0,1,1,0,1,1,0,0,0,0,1,0,0,0,1,0,0,1,1,1,1,0,0,0,0,0,0,1,0,0,0,0,1,0,0,0,0,0,1,0,0,0,0,0,0,0,0,0,0,1,1,1,0,0,1,0,0,0,0,1,0,0,0,0,1,0,10,"aab1bbd7-596c-4c76-b047-e859434ec997",2
0,0,0,0,0,0,0,0,0,1,1,1,0,0,1,0,1,0,1,1,1,0,1,1,1,1,1,1,0,0,0,0,0,0,0,0,0,0,0,0,0,0,0,1,0,0,0,0,0,0,0,1,0,0,0,1,0,0,0,0,0,0,0,0,0,0,0,0,0,0,0,0,0,1,0,0,0,0,0,0,0,0,0,0,0,0,0,0,0,2.8,"a0a0ed2d-1f61-4fa4-86e7-91fcde0ae084",2
0,0,0,0,1,0,0,0,0,0,0,0,0,0,0,0,0,0,1,1,0,0,0,0,1,0,1,0,0,1,0,0,0,0,1,0,1,0,1,0,0,1,0,0,1,1,1,1,1,0,0,0,0,1,0,0,0,0,1,0,1,1,0,0,1,1,0,0,1,1,0,0,0,0,1,0,1,1,0,0,0,0,0,1,0,0,0,1,0,5,"6f7d6b24-2596-4245-a7bb-046dbe3fdbe2",1
1,0,0,0,0,0,0,0,1,0,1,0,1,0,0,0,0,1,1,1,1,1,0,1,1,1,0,0,0,0,0,0,1,1,1,1,1,0,1,0,0,0,1,1,0,1,0,1,0,1,0,0,0,1,0,1,0,0,0,0,1,1,0,0,0,0,0,0,0,1,0,0,1,1,1,0,1,1,0,0,1,0,1,1,1,0,0,1,0,1.5,"bf66f57a-d02d-4101-a533-ec8d6b8acebf",1
0,0,0,1,0,0,0,0,0,0,1,1,0,0,1,0,1,0,1,1,1,0,0,1,1,1,0,0,0,0,1,0,0,1,1,0,0,1,0,0,0,0,1,1,0,0,0,1,0,0,1,0,0,0,0,0,0,0,0,0,0,0,0,0,0,0,0,0,0,1,1,0,0,0,0,0,0,0,1,0,0,0,0,0,1,0,0,0,0,0.9,"8aedcfd3-8076-42b8-8037-6cf999b1c80e",2
1,0,0,0,0,0,0,0,0,1,0,0,0,0,0,0,1,0,1,1,0,0,0,0,0,0,0,0,0,0,0,0,0,0,0,0,0,0,0,0,0,0,0,0,0,0,0,0,0,0,0,0,0,0,0,0,0,0,0,0,0,0,0,0,0,0,0,0,0,0,0,0,0,0,0,0,0,0,0,0,0,0,0,0,0,0,0,0,0,36.4666666666667,"84bad343-f2e0-4ec6-8f19-9d8f22c2d97e",2
1,0,0,0,0,0,0,0,0,1,1,1,1,0,1,0,1,1,1,1,1,0,1,1,1,1,1,0,0,0,0,0,0,0,0,0,1,0,0,0,0,0,0,1,0,0,0,1,0,0,0,0,0,1,0,0,0,0,0,0,0,0,0,0,0,0,0,0,0,0,0,0,0,0,0,0,0,0,1,0,0,0,1,1,0,1,0,0,0,4,"63a0fc61-63b8-4c09-9f42-a2580f9f59c4",2
0,0,0,0,0,0,0,0,0,1,0,0,0,0,0,0,0,0,1,0,0,0,0,0,1,0,0,1,1,0,0,0,0,0,0,0,0,0,1,0,0,1,1,0,0,0,0,0,0,0,1,0,0,1,0,1,0,0,0,0,0,0,1,0,0,1,0,0,0,1,0,0,1,0,1,0,0,1,1,1,0,0,0,1,0,0,0,0,0,5,"85ec6265-8a3f-48e4-b1fb-16661647d977",2
0,0,0,0,0,0,1,0,0,0,1,0,0,0,0,0,0,0,0,0,1,0,0,1,1,1,0,1,0,0,0,0,1,0,1,1,1,0,0,0,0,0,1,1,0,0,0,0,0,0,0,0,0,0,0,1,0,0,0,0,0,0,0,0,0,0,0,0,0,1,0,0,0,0,0,0,1,0,0,0,0,0,0,1,0,0,0,0,0,6,"d9dcf702-a800-46c6-b20a-0df7a0f303a8",1
0,0,0,0,0,1,0,0,0,0,1,0,1,1,1,0,0,1,1,1,1,1,0,1,0,1,0,0,0,0,0,0,0,0,0,0,0,0,0,0,0,0,0,0,0,0,0,0,0,0,0,0,0,0,0,0,0,0,0,0,0,0,0,0,0,0,0,0,0,0,0,0,0,0,0,0,0,0,0,0,0,0,1,0,0,0,0,0,0,5,"a78e0fd2-2e75-464e-b60a-7f9ab86dc408",2
1,1,0,0,0,0,0,0,0,0,1,1,0,0,1,0,0,1,1,1,1,0,1,1,1,1,0,1,0,0,0,0,0,1,0,0,0,0,0,0,0,1,0,1,0,0,0,0,0,0,0,0,0,0,0,0,0,0,0,0,0,1,0,0,0,0,0,0,0,1,0,0,1,0,1,0,0,0,0,0,0,0,1,1,1,0,0,0,0,4,"52928f64-eb12-44b7-a63c-7276af7a9c71",2
0,1,0,0,0,0,0,0,0,0,1,1,1,0,0,0,1,1,1,1,1,1,1,1,1,1,0,1,0,0,0,0,0,0,1,1,0,0,0,0,0,0,0,1,0,0,0,1,0,0,1,0,1,0,0,0,0,0,0,0,0,1,0,0,0,0,0,0,0,0,1,0,0,0,0,0,0,0,0,0,0,0,1,0,0,0,0,0,0,4,"bbb8471f-f12d-499d-99aa-677ea4c77dc5",2
